TEAM_NAME,PLAY_TYPE,TYPE_GROUPING,POSS_PCT,PPP,FG_PCT,FT_POSS_PCT,TOV_POSS_PCT,SF_POSS_PCT,PLUSONE_POSS_PCT,SCORE_POSS_PCT,EFG_PCT,POSS,PTS,FGM,FGA,FGMX
Philadelphia 76ers,Spotup,Offensive,0.243,1.129,0.428,0.05,0.051,0.049,0.014,0.426,0.575,26.0,29.4,10.2,23.8,13.6
LA Clippers,Spotup,Offensive,0.239,1.123,0.418,0.058,0.04,0.055,0.013,0.425,0.567,26.2,29.4,10.0,24.0,14.0
Boston Celtics,Spotup,Offensive,0.272,1.12,0.424,0.054,0.051,0.052,0.015,0.422,0.574,30.1,33.7,11.6,27.3,15.7
Golden State Warriors,Spotup,Offensive,0.21,1.092,0.414,0.039,0.063,0.036,0.009,0.405,0.57,24.0,26.2,9.0,21.7,12.7
Sacramento Kings,Spotup,Offensive,0.234,1.089,0.411,0.068,0.057,0.065,0.013,0.417,0.554,26.2,28.6,9.6,23.3,13.7
Dallas Mavericks,Spotup,Offensive,0.268,1.087,0.403,0.045,0.054,0.042,0.013,0.4,0.558,28.5,31.0,10.5,26.0,15.5
Brooklyn Nets,Spotup,Offensive,0.246,1.081,0.418,0.056,0.059,0.051,0.013,0.417,0.553,26.2,28.4,9.8,23.5,13.7
Milwaukee Bucks,Spotup,Offensive,0.234,1.068,0.411,0.034,0.056,0.031,0.006,0.403,0.558,26.7,28.5,10.0,24.4,14.4
Phoenix Suns,Spotup,Offensive,0.254,1.067,0.407,0.055,0.058,0.051,0.012,0.406,0.55,28.6,30.5,10.4,25.7,15.2
New Orleans Pelicans,Spotup,Offensive,0.232,1.065,0.408,0.058,0.054,0.055,0.01,0.411,0.543,26.0,27.7,9.5,23.3,13.8
Denver Nuggets,Spotup,Offensive,0.203,1.058,0.407,0.037,0.057,0.035,0.008,0.399,0.551,22.2,23.5,8.3,20.3,12.0
Chicago Bulls,Spotup,Offensive,0.249,1.049,0.411,0.05,0.071,0.048,0.008,0.406,0.546,27.1,28.4,9.9,24.0,14.2
Minnesota Timberwolves,Spotup,Offensive,0.252,1.048,0.426,0.063,0.077,0.058,0.017,0.416,0.548,28.2,29.6,10.6,24.8,14.2
Utah Jazz,Spotup,Offensive,0.222,1.043,0.4,0.056,0.066,0.051,0.014,0.397,0.537,25.4,26.5,9.1,22.6,13.6
Miami Heat,Spotup,Offensive,0.224,1.038,0.388,0.049,0.055,0.046,0.01,0.389,0.528,24.1,25.1,8.5,21.9,13.4
Los Angeles Lakers,Spotup,Offensive,0.209,1.037,0.385,0.049,0.047,0.044,0.012,0.388,0.527,23.8,24.6,8.4,21.8,13.4
New York Knicks,Spotup,Offensive,0.256,1.031,0.389,0.057,0.053,0.055,0.014,0.393,0.524,28.7,29.6,10.1,25.9,15.8
Portland Trail Blazers,Spotup,Offensive,0.227,1.031,0.393,0.044,0.06,0.04,0.01,0.389,0.533,24.9,25.7,8.9,22.5,13.7
Washington Wizards,Spotup,Offensive,0.239,1.02,0.394,0.049,0.057,0.045,0.009,0.395,0.522,26.2,26.7,9.3,23.6,14.3
Cleveland Cavaliers,Spotup,Offensive,0.213,1.019,0.39,0.044,0.058,0.041,0.011,0.387,0.524,22.9,23.3,8.1,20.8,12.7
Indiana Pacers,Spotup,Offensive,0.238,1.014,0.399,0.059,0.071,0.057,0.011,0.397,0.525,27.0,27.4,9.5,23.8,14.3
Toronto Raptors,Spotup,Offensive,0.218,1.001,0.378,0.042,0.046,0.039,0.009,0.38,0.509,24.5,24.6,8.5,22.6,14.1
Orlando Magic,Spotup,Offensive,0.228,1.0,0.391,0.053,0.067,0.051,0.015,0.387,0.518,25.3,25.3,8.9,22.6,13.8
Detroit Pistons,Spotup,Offensive,0.234,0.998,0.384,0.061,0.06,0.057,0.013,0.387,0.511,26.4,26.3,9.0,23.5,14.5
San Antonio Spurs,Spotup,Offensive,0.242,0.995,0.391,0.057,0.062,0.055,0.015,0.39,0.511,28.0,27.9,9.8,25.1,15.3
Oklahoma City Thunder,Spotup,Offensive,0.256,0.993,0.386,0.047,0.068,0.045,0.008,0.383,0.516,29.5,29.2,10.2,26.3,16.2
Memphis Grizzlies,Spotup,Offensive,0.224,0.991,0.389,0.052,0.066,0.048,0.009,0.385,0.513,25.7,25.5,8.9,22.9,14.0
Houston Rockets,Spotup,Offensive,0.221,0.979,0.381,0.063,0.07,0.059,0.011,0.383,0.505,25.4,24.9,8.5,22.3,13.8
Atlanta Hawks,Spotup,Offensive,0.21,0.979,0.386,0.051,0.054,0.049,0.009,0.388,0.502,24.1,23.6,8.4,21.8,13.4
Charlotte Hornets,Spotup,Offensive,0.236,0.959,0.382,0.05,0.066,0.048,0.013,0.378,0.496,26.8,25.7,9.2,24.1,14.9
Washington Wizards,OffRebound,Offensive,0.054,1.232,0.629,0.14,0.068,0.124,0.052,0.608,0.629,5.9,7.2,3.1,5.0,1.8
Orlando Magic,OffRebound,Offensive,0.055,1.225,0.611,0.17,0.067,0.158,0.036,0.619,0.624,6.2,7.6,3.0,4.9,1.9
Brooklyn Nets,OffRebound,Offensive,0.039,1.212,0.615,0.11,0.062,0.1,0.027,0.602,0.62,4.1,5.0,2.2,3.5,1.4
San Antonio Spurs,OffRebound,Offensive,0.06,1.21,0.635,0.11,0.076,0.106,0.026,0.607,0.638,6.9,8.4,3.7,5.8,2.1
Dallas Mavericks,OffRebound,Offensive,0.03,1.206,0.646,0.13,0.088,0.13,0.034,0.607,0.651,3.2,3.9,1.7,2.6,0.9
Minnesota Timberwolves,OffRebound,Offensive,0.051,1.187,0.604,0.15,0.062,0.14,0.028,0.596,0.608,5.7,6.8,2.8,4.6,1.8
Boston Celtics,OffRebound,Offensive,0.043,1.182,0.604,0.11,0.069,0.11,0.033,0.585,0.604,4.8,5.6,2.4,4.0,1.6
New Orleans Pelicans,OffRebound,Offensive,0.059,1.167,0.584,0.11,0.056,0.102,0.028,0.583,0.587,6.6,7.7,3.3,5.7,2.4
Cleveland Cavaliers,OffRebound,Offensive,0.045,1.167,0.597,0.17,0.073,0.162,0.02,0.6,0.606,4.8,5.6,2.2,3.8,1.5
Denver Nuggets,OffRebound,Offensive,0.058,1.164,0.577,0.14,0.046,0.133,0.033,0.591,0.58,6.3,7.4,3.1,5.4,2.3
Los Angeles Lakers,OffRebound,Offensive,0.053,1.16,0.583,0.17,0.074,0.168,0.042,0.583,0.585,6.1,7.1,2.8,4.8,2.0
Detroit Pistons,OffRebound,Offensive,0.059,1.155,0.579,0.16,0.055,0.151,0.031,0.591,0.584,6.6,7.6,3.1,5.4,2.3
Milwaukee Bucks,OffRebound,Offensive,0.051,1.154,0.6,0.14,0.091,0.133,0.032,0.581,0.609,5.8,6.7,2.8,4.6,1.9
Sacramento Kings,OffRebound,Offensive,0.044,1.153,0.57,0.12,0.058,0.118,0.035,0.57,0.576,4.9,5.6,2.4,4.2,1.8
Miami Heat,OffRebound,Offensive,0.044,1.151,0.56,0.13,0.054,0.131,0.028,0.574,0.566,4.8,5.5,2.2,4.0,1.8
Charlotte Hornets,OffRebound,Offensive,0.063,1.148,0.575,0.13,0.065,0.124,0.046,0.574,0.581,7.2,8.2,3.5,6.1,2.6
Atlanta Hawks,OffRebound,Offensive,0.059,1.141,0.574,0.13,0.052,0.124,0.02,0.578,0.579,6.8,7.7,3.3,5.7,2.4
Toronto Raptors,OffRebound,Offensive,0.07,1.134,0.566,0.12,0.051,0.111,0.029,0.571,0.569,7.9,9.0,3.9,6.8,3.0
Utah Jazz,OffRebound,Offensive,0.061,1.132,0.581,0.14,0.081,0.13,0.047,0.565,0.584,7.0,7.9,3.3,5.8,2.4
New York Knicks,OffRebound,Offensive,0.06,1.129,0.6,0.13,0.093,0.125,0.036,0.567,0.605,6.7,7.6,3.3,5.5,2.2
Philadelphia 76ers,OffRebound,Offensive,0.045,1.127,0.571,0.15,0.086,0.144,0.018,0.567,0.576,4.8,5.4,2.2,3.8,1.6
Memphis Grizzlies,OffRebound,Offensive,0.061,1.116,0.568,0.13,0.059,0.127,0.021,0.571,0.575,7.0,7.8,3.3,5.8,2.5
Indiana Pacers,OffRebound,Offensive,0.05,1.106,0.562,0.12,0.095,0.111,0.022,0.54,0.575,5.6,6.2,2.5,4.5,2.0
Houston Rockets,OffRebound,Offensive,0.069,1.098,0.568,0.12,0.081,0.115,0.031,0.558,0.57,7.9,8.6,3.7,6.5,2.8
Portland Trail Blazers,OffRebound,Offensive,0.044,1.085,0.569,0.12,0.075,0.116,0.01,0.563,0.574,4.9,5.3,2.3,4.0,1.7
Phoenix Suns,OffRebound,Offensive,0.057,1.074,0.533,0.12,0.064,0.114,0.03,0.534,0.542,6.4,6.9,2.9,5.5,2.5
Golden State Warriors,OffRebound,Offensive,0.047,1.067,0.559,0.1,0.083,0.097,0.02,0.542,0.567,5.4,5.8,2.5,4.5,2.0
Chicago Bulls,OffRebound,Offensive,0.046,1.063,0.556,0.11,0.085,0.1,0.015,0.543,0.558,5.0,5.3,2.3,4.1,1.8
LA Clippers,OffRebound,Offensive,0.052,0.994,0.522,0.14,0.101,0.126,0.028,0.51,0.524,5.7,5.7,2.3,4.5,2.1
Oklahoma City Thunder,OffRebound,Offensive,0.051,0.988,0.5,0.1,0.074,0.095,0.008,0.501,0.51,5.9,5.8,2.5,5.0,2.5
Dallas Mavericks,Postup,Offensive,0.047,1.127,0.57,0.235,0.095,0.222,0.046,0.587,0.57,5.0,5.6,2.0,3.5,1.5
Chicago Bulls,Postup,Offensive,0.055,1.119,0.559,0.172,0.084,0.152,0.055,0.555,0.559,6.0,6.7,2.7,4.8,2.1
Philadelphia 76ers,Postup,Offensive,0.056,1.112,0.545,0.215,0.102,0.182,0.047,0.554,0.545,6.0,6.6,2.4,4.3,2.0
Denver Nuggets,Postup,Offensive,0.076,1.093,0.572,0.203,0.128,0.178,0.057,0.551,0.572,8.3,9.1,3.4,6.0,2.6
LA Clippers,Postup,Offensive,0.048,1.046,0.531,0.15,0.101,0.134,0.037,0.525,0.531,5.3,5.5,2.2,4.2,2.0
Washington Wizards,Postup,Offensive,0.046,1.02,0.516,0.18,0.122,0.163,0.056,0.51,0.516,5.0,5.1,1.9,3.8,1.8
Brooklyn Nets,Postup,Offensive,0.022,1.015,0.527,0.153,0.133,0.133,0.041,0.5,0.527,2.4,2.4,1.0,1.8,0.9
Atlanta Hawks,Postup,Offensive,0.031,1.01,0.504,0.144,0.075,0.127,0.021,0.521,0.504,3.6,3.6,1.4,2.9,1.4
Indiana Pacers,Postup,Offensive,0.024,1.005,0.519,0.18,0.126,0.158,0.036,0.523,0.519,2.7,2.7,1.0,2.0,1.0
Milwaukee Bucks,Postup,Offensive,0.07,1.002,0.527,0.142,0.121,0.124,0.034,0.505,0.527,8.0,8.0,3.2,6.1,2.9
Phoenix Suns,Postup,Offensive,0.055,1.002,0.536,0.118,0.116,0.093,0.028,0.504,0.536,6.2,6.2,2.6,4.9,2.3
Oklahoma City Thunder,Postup,Offensive,0.016,1.0,0.481,0.197,0.116,0.184,0.034,0.503,0.481,1.8,1.8,0.6,1.3,0.7
Boston Celtics,Postup,Offensive,0.028,0.996,0.503,0.169,0.114,0.157,0.043,0.502,0.503,3.1,3.1,1.2,2.4,1.2
Los Angeles Lakers,Postup,Offensive,0.052,0.992,0.483,0.174,0.091,0.161,0.05,0.498,0.483,5.9,5.9,2.2,4.6,2.4
Memphis Grizzlies,Postup,Offensive,0.032,0.99,0.534,0.156,0.132,0.146,0.03,0.51,0.534,3.7,3.6,1.5,2.7,1.3
Sacramento Kings,Postup,Offensive,0.037,0.988,0.533,0.162,0.139,0.127,0.029,0.51,0.533,4.1,4.1,1.6,3.0,1.4
San Antonio Spurs,Postup,Offensive,0.044,0.986,0.523,0.165,0.141,0.139,0.043,0.495,0.523,5.1,5.0,2.0,3.8,1.8
Houston Rockets,Postup,Offensive,0.044,0.985,0.547,0.145,0.157,0.111,0.029,0.506,0.547,5.0,5.0,2.0,3.7,1.7
Orlando Magic,Postup,Offensive,0.034,0.984,0.516,0.182,0.14,0.147,0.029,0.505,0.516,3.7,3.7,1.4,2.6,1.3
New Orleans Pelicans,Postup,Offensive,0.06,0.971,0.521,0.186,0.166,0.168,0.044,0.497,0.521,6.7,6.5,2.4,4.6,2.2
Minnesota Timberwolves,Postup,Offensive,0.031,0.955,0.503,0.253,0.153,0.198,0.031,0.503,0.503,3.5,3.4,1.1,2.2,1.1
Portland Trail Blazers,Postup,Offensive,0.041,0.948,0.507,0.161,0.144,0.15,0.041,0.485,0.507,4.5,4.2,1.7,3.3,1.6
Charlotte Hornets,Postup,Offensive,0.025,0.945,0.489,0.187,0.111,0.149,0.047,0.489,0.489,2.9,2.7,1.0,2.1,1.1
Miami Heat,Postup,Offensive,0.041,0.943,0.493,0.128,0.131,0.126,0.03,0.478,0.493,4.5,4.2,1.7,3.4,1.7
Toronto Raptors,Postup,Offensive,0.053,0.937,0.479,0.131,0.096,0.115,0.012,0.487,0.479,6.0,5.6,2.2,4.7,2.4
Utah Jazz,Postup,Offensive,0.022,0.874,0.463,0.15,0.155,0.126,0.024,0.447,0.463,2.5,2.2,0.8,1.8,1.0
New York Knicks,Postup,Offensive,0.037,0.868,0.456,0.158,0.141,0.144,0.032,0.449,0.456,4.2,3.6,1.4,3.0,1.7
Detroit Pistons,Postup,Offensive,0.044,0.849,0.43,0.144,0.126,0.129,0.025,0.436,0.43,4.9,4.2,1.6,3.7,2.1
Golden State Warriors,Postup,Offensive,0.021,0.845,0.476,0.115,0.18,0.09,0.02,0.425,0.476,2.4,2.1,0.8,1.8,0.9
Cleveland Cavaliers,Postup,Offensive,0.032,0.792,0.404,0.127,0.116,0.099,0.011,0.412,0.404,3.5,2.7,1.1,2.7,1.6
Dallas Mavericks,OffScreen,Offensive,0.031,1.161,0.449,0.106,0.059,0.103,0.022,0.465,0.571,3.3,3.9,1.3,2.9,1.6
Oklahoma City Thunder,OffScreen,Offensive,0.021,1.089,0.444,0.05,0.064,0.05,0.005,0.441,0.567,2.5,2.7,1.0,2.2,1.2
Detroit Pistons,OffScreen,Offensive,0.038,1.057,0.423,0.091,0.074,0.08,0.011,0.438,0.522,4.3,4.5,1.5,3.6,2.1
Brooklyn Nets,OffScreen,Offensive,0.041,1.056,0.473,0.056,0.085,0.048,0.023,0.451,0.553,4.3,4.6,1.8,3.8,2.0
Portland Trail Blazers,OffScreen,Offensive,0.043,1.037,0.416,0.081,0.06,0.078,0.026,0.42,0.524,4.7,4.8,1.7,4.1,2.4
Phoenix Suns,OffScreen,Offensive,0.041,1.037,0.443,0.092,0.068,0.079,0.021,0.453,0.514,4.6,4.8,1.8,4.0,2.2
Boston Celtics,OffScreen,Offensive,0.059,1.032,0.421,0.062,0.075,0.06,0.015,0.415,0.533,6.5,6.7,2.4,5.7,3.3
Golden State Warriors,OffScreen,Offensive,0.102,1.029,0.403,0.063,0.091,0.059,0.019,0.392,0.539,11.7,12.0,4.1,10.1,6.0
Utah Jazz,OffScreen,Offensive,0.077,1.011,0.399,0.088,0.064,0.084,0.022,0.409,0.502,8.8,8.9,3.1,7.7,4.6
Denver Nuggets,OffScreen,Offensive,0.041,0.992,0.423,0.051,0.075,0.048,0.005,0.417,0.515,4.5,4.5,1.7,4.0,2.3
Cleveland Cavaliers,OffScreen,Offensive,0.038,0.988,0.413,0.078,0.072,0.063,0.012,0.419,0.502,4.0,4.0,1.4,3.5,2.0
Memphis Grizzlies,OffScreen,Offensive,0.038,0.975,0.395,0.076,0.073,0.073,0.023,0.398,0.502,4.3,4.2,1.5,3.8,2.3
Orlando Magic,OffScreen,Offensive,0.027,0.968,0.408,0.06,0.064,0.048,0.016,0.408,0.498,3.0,3.0,1.1,2.7,1.6
New Orleans Pelicans,OffScreen,Offensive,0.041,0.963,0.379,0.087,0.048,0.071,0.021,0.402,0.467,4.6,4.4,1.5,4.1,2.5
Sacramento Kings,OffScreen,Offensive,0.029,0.956,0.385,0.044,0.074,0.041,0.004,0.378,0.5,3.3,3.1,1.1,2.9,1.8
Atlanta Hawks,OffScreen,Offensive,0.047,0.955,0.424,0.05,0.061,0.043,0.005,0.422,0.49,5.4,5.1,2.0,4.8,2.8
LA Clippers,OffScreen,Offensive,0.044,0.942,0.417,0.068,0.096,0.063,0.013,0.409,0.491,4.8,4.5,1.7,4.1,2.4
Washington Wizards,OffScreen,Offensive,0.042,0.942,0.412,0.09,0.103,0.077,0.013,0.414,0.481,4.6,4.4,1.6,3.8,2.2
San Antonio Spurs,OffScreen,Offensive,0.036,0.939,0.404,0.07,0.076,0.067,0.009,0.404,0.485,4.2,3.9,1.5,3.6,2.2
Milwaukee Bucks,OffScreen,Offensive,0.023,0.931,0.373,0.056,0.106,0.056,0.019,0.356,0.486,2.6,2.5,0.8,2.3,1.4
Los Angeles Lakers,OffScreen,Offensive,0.026,0.909,0.376,0.087,0.095,0.083,0.017,0.384,0.47,3.0,2.7,0.9,2.5,1.5
Minnesota Timberwolves,OffScreen,Offensive,0.045,0.908,0.39,0.072,0.097,0.07,0.017,0.384,0.473,5.0,4.6,1.7,4.3,2.6
Toronto Raptors,OffScreen,Offensive,0.028,0.906,0.376,0.043,0.075,0.043,0.008,0.366,0.473,3.1,2.8,1.0,2.8,1.7
New York Knicks,OffScreen,Offensive,0.021,0.906,0.384,0.068,0.099,0.058,0.026,0.366,0.476,2.3,2.1,0.8,2.0,1.2
Chicago Bulls,OffScreen,Offensive,0.026,0.904,0.389,0.083,0.078,0.078,0.022,0.396,0.457,2.8,2.5,0.9,2.4,1.5
Miami Heat,OffScreen,Offensive,0.04,0.887,0.347,0.068,0.042,0.065,0.014,0.367,0.43,4.3,3.8,1.4,3.9,2.5
Indiana Pacers,OffScreen,Offensive,0.033,0.871,0.353,0.066,0.099,0.066,0.017,0.35,0.446,3.7,3.2,1.1,3.1,2.0
Philadelphia 76ers,OffScreen,Offensive,0.021,0.836,0.335,0.038,0.093,0.038,0.011,0.322,0.441,2.2,1.9,0.7,2.0,1.3
Charlotte Hornets,OffScreen,Offensive,0.046,0.814,0.349,0.077,0.077,0.074,0.019,0.36,0.406,5.3,4.3,1.6,4.5,3.0
Houston Rockets,OffScreen,Offensive,0.019,0.77,0.307,0.084,0.101,0.073,0.028,0.309,0.377,2.2,1.7,0.6,1.8,1.3
Chicago Bulls,Isolation,Offensive,0.064,1.079,0.476,0.191,0.077,0.187,0.054,0.509,0.507,7.0,7.5,2.6,5.5,2.9
Brooklyn Nets,Isolation,Offensive,0.094,1.073,0.492,0.145,0.1,0.137,0.045,0.492,0.532,10.0,10.8,4.0,8.0,4.1
Sacramento Kings,Isolation,Offensive,0.048,1.039,0.485,0.184,0.093,0.17,0.041,0.502,0.515,5.4,5.6,2.0,4.1,2.1
Philadelphia 76ers,Isolation,Offensive,0.118,1.038,0.446,0.172,0.088,0.164,0.034,0.48,0.489,12.6,13.1,4.4,9.8,5.4
Utah Jazz,Isolation,Offensive,0.055,1.037,0.484,0.154,0.11,0.139,0.04,0.486,0.525,6.3,6.6,2.4,4.9,2.5
Dallas Mavericks,Isolation,Offensive,0.122,1.018,0.423,0.169,0.07,0.15,0.031,0.466,0.485,13.0,13.2,4.3,10.3,5.9
New York Knicks,Isolation,Offensive,0.092,0.995,0.449,0.155,0.099,0.143,0.044,0.462,0.494,10.3,10.3,3.7,8.1,4.5
Oklahoma City Thunder,Isolation,Offensive,0.079,0.985,0.445,0.162,0.09,0.148,0.023,0.481,0.467,9.1,9.0,3.1,7.0,3.9
Portland Trail Blazers,Isolation,Offensive,0.083,0.974,0.427,0.163,0.097,0.147,0.038,0.456,0.464,9.0,8.8,3.0,7.0,4.0
Miami Heat,Isolation,Offensive,0.068,0.97,0.434,0.159,0.08,0.158,0.033,0.462,0.465,7.3,7.1,2.5,5.8,3.3
Houston Rockets,Isolation,Offensive,0.067,0.965,0.421,0.138,0.094,0.124,0.032,0.442,0.477,7.7,7.4,2.6,6.1,3.6
Atlanta Hawks,Isolation,Offensive,0.074,0.959,0.431,0.124,0.1,0.113,0.026,0.443,0.472,8.4,8.1,2.9,6.8,3.8
Washington Wizards,Isolation,Offensive,0.064,0.931,0.436,0.123,0.121,0.111,0.031,0.434,0.476,7.1,6.6,2.4,5.6,3.1
Cleveland Cavaliers,Isolation,Offensive,0.065,0.92,0.4,0.134,0.105,0.122,0.035,0.411,0.462,7.0,6.4,2.2,5.6,3.3
Denver Nuggets,Isolation,Offensive,0.055,0.919,0.431,0.124,0.118,0.116,0.026,0.427,0.483,6.0,5.5,2.0,4.7,2.7
Boston Celtics,Isolation,Offensive,0.08,0.911,0.392,0.124,0.097,0.12,0.018,0.416,0.444,8.8,8.0,2.8,7.0,4.3
Charlotte Hornets,Isolation,Offensive,0.04,0.899,0.423,0.135,0.103,0.127,0.029,0.434,0.461,4.6,4.1,1.5,3.6,2.1
Golden State Warriors,Isolation,Offensive,0.041,0.895,0.416,0.1,0.129,0.089,0.024,0.402,0.469,4.6,4.2,1.5,3.7,2.2
Indiana Pacers,Isolation,Offensive,0.044,0.893,0.382,0.114,0.085,0.104,0.027,0.403,0.432,5.0,4.5,1.6,4.1,2.6
Minnesota Timberwolves,Isolation,Offensive,0.07,0.893,0.419,0.082,0.104,0.074,0.019,0.406,0.469,7.9,7.0,2.7,6.5,3.8
Phoenix Suns,Isolation,Offensive,0.045,0.892,0.395,0.127,0.094,0.113,0.019,0.423,0.426,5.1,4.5,1.6,4.0,2.5
LA Clippers,Isolation,Offensive,0.086,0.892,0.423,0.11,0.095,0.099,0.023,0.43,0.45,9.5,8.4,3.3,7.7,4.5
New Orleans Pelicans,Isolation,Offensive,0.055,0.891,0.429,0.153,0.125,0.133,0.03,0.437,0.442,6.1,5.5,2.0,4.6,2.6
Los Angeles Lakers,Isolation,Offensive,0.087,0.86,0.394,0.133,0.084,0.115,0.031,0.414,0.42,9.8,8.5,3.2,8.0,4.9
Toronto Raptors,Isolation,Offensive,0.077,0.852,0.411,0.114,0.107,0.099,0.02,0.418,0.428,8.7,7.4,2.8,6.9,4.1
Memphis Grizzlies,Isolation,Offensive,0.045,0.84,0.389,0.184,0.108,0.165,0.054,0.414,0.406,5.2,4.4,1.5,4.0,2.4
Detroit Pistons,Isolation,Offensive,0.066,0.838,0.379,0.152,0.107,0.134,0.026,0.403,0.409,7.4,6.2,2.1,5.7,3.5
Orlando Magic,Isolation,Offensive,0.062,0.815,0.387,0.153,0.117,0.147,0.028,0.41,0.406,6.9,5.6,2.0,5.2,3.2
Milwaukee Bucks,Isolation,Offensive,0.063,0.801,0.384,0.119,0.109,0.112,0.024,0.396,0.408,7.2,5.7,2.2,5.7,3.5
San Antonio Spurs,Isolation,Offensive,0.032,0.728,0.345,0.133,0.129,0.133,0.023,0.366,0.36,3.8,2.7,1.0,2.9,1.9
Denver Nuggets,PRRollMan,Offensive,0.05,1.286,0.616,0.129,0.058,0.122,0.024,0.612,0.667,5.5,7.1,2.8,4.6,1.8
Dallas Mavericks,PRRollMan,Offensive,0.062,1.283,0.58,0.134,0.061,0.13,0.037,0.577,0.662,6.5,8.4,3.2,5.5,2.3
Los Angeles Lakers,PRRollMan,Offensive,0.066,1.273,0.611,0.13,0.045,0.125,0.031,0.614,0.64,7.5,9.6,3.9,6.4,2.5
Atlanta Hawks,PRRollMan,Offensive,0.059,1.262,0.609,0.123,0.051,0.119,0.038,0.608,0.639,6.7,8.5,3.5,5.8,2.3
Memphis Grizzlies,PRRollMan,Offensive,0.045,1.238,0.599,0.16,0.062,0.155,0.055,0.59,0.64,5.1,6.3,2.5,4.3,1.7
New York Knicks,PRRollMan,Offensive,0.028,1.23,0.579,0.119,0.038,0.103,0.031,0.582,0.632,3.2,3.9,1.6,2.8,1.2
Milwaukee Bucks,PRRollMan,Offensive,0.069,1.215,0.535,0.11,0.047,0.105,0.034,0.532,0.621,7.9,9.6,3.7,6.9,3.2
Philadelphia 76ers,PRRollMan,Offensive,0.083,1.209,0.567,0.168,0.089,0.165,0.038,0.57,0.616,8.9,10.8,4.0,7.0,3.0
Sacramento Kings,PRRollMan,Offensive,0.041,1.197,0.597,0.122,0.08,0.117,0.035,0.572,0.641,4.6,5.5,2.3,3.8,1.5
Washington Wizards,PRRollMan,Offensive,0.058,1.192,0.547,0.152,0.069,0.149,0.032,0.55,0.606,6.4,7.6,2.8,5.2,2.4
Utah Jazz,PRRollMan,Offensive,0.044,1.181,0.539,0.111,0.051,0.104,0.029,0.54,0.592,5.1,6.0,2.4,4.4,2.0
Minnesota Timberwolves,PRRollMan,Offensive,0.05,1.177,0.568,0.155,0.079,0.146,0.041,0.561,0.619,5.6,6.6,2.6,4.5,2.0
Detroit Pistons,PRRollMan,Offensive,0.049,1.174,0.551,0.121,0.068,0.11,0.026,0.546,0.608,5.5,6.5,2.5,4.6,2.1
Charlotte Hornets,PRRollMan,Offensive,0.056,1.172,0.558,0.187,0.069,0.182,0.061,0.564,0.587,6.4,7.5,2.9,5.1,2.3
Phoenix Suns,PRRollMan,Offensive,0.066,1.172,0.574,0.106,0.058,0.108,0.035,0.566,0.602,7.4,8.6,3.7,6.4,2.7
LA Clippers,PRRollMan,Offensive,0.04,1.169,0.598,0.152,0.122,0.15,0.028,0.562,0.644,4.4,5.1,2.0,3.3,1.3
Brooklyn Nets,PRRollMan,Offensive,0.046,1.134,0.564,0.121,0.087,0.119,0.045,0.542,0.602,4.9,5.6,2.3,4.1,1.8
New Orleans Pelicans,PRRollMan,Offensive,0.049,1.134,0.525,0.145,0.047,0.14,0.022,0.555,0.56,5.5,6.2,2.4,4.5,2.2
Golden State Warriors,PRRollMan,Offensive,0.039,1.124,0.539,0.135,0.077,0.133,0.033,0.53,0.591,4.4,5.0,2.0,3.6,1.7
Chicago Bulls,PRRollMan,Offensive,0.074,1.106,0.544,0.095,0.088,0.094,0.033,0.517,0.58,8.0,8.9,3.7,6.8,3.1
Boston Celtics,PRRollMan,Offensive,0.046,1.098,0.483,0.077,0.074,0.077,0.017,0.474,0.576,5.1,5.6,2.1,4.4,2.3
Orlando Magic,PRRollMan,Offensive,0.054,1.089,0.489,0.131,0.078,0.127,0.03,0.499,0.549,6.1,6.6,2.4,5.0,2.5
Miami Heat,PRRollMan,Offensive,0.064,1.086,0.506,0.13,0.057,0.127,0.027,0.522,0.53,6.8,7.4,2.9,5.7,2.8
Houston Rockets,PRRollMan,Offensive,0.059,1.083,0.528,0.142,0.083,0.134,0.036,0.525,0.562,6.7,7.3,2.9,5.5,2.6
Indiana Pacers,PRRollMan,Offensive,0.067,1.076,0.486,0.15,0.068,0.145,0.04,0.506,0.537,7.6,8.1,3.0,6.2,3.2
Portland Trail Blazers,PRRollMan,Offensive,0.044,1.071,0.535,0.152,0.106,0.146,0.063,0.513,0.569,4.8,5.2,2.1,3.9,1.8
Oklahoma City Thunder,PRRollMan,Offensive,0.052,1.069,0.468,0.084,0.063,0.084,0.01,0.473,0.556,6.0,6.4,2.4,5.2,2.7
Cleveland Cavaliers,PRRollMan,Offensive,0.074,1.062,0.528,0.122,0.099,0.113,0.029,0.51,0.562,7.9,8.4,3.4,6.4,3.0
San Antonio Spurs,PRRollMan,Offensive,0.047,1.049,0.497,0.095,0.071,0.095,0.035,0.483,0.548,5.5,5.8,2.4,4.8,2.4
Toronto Raptors,PRRollMan,Offensive,0.052,1.023,0.488,0.108,0.075,0.104,0.037,0.481,0.524,5.9,6.0,2.5,5.0,2.6
Philadelphia 76ers,Transition,Offensive,0.154,1.213,0.569,0.153,0.114,0.146,0.046,0.545,0.643,16.4,19.9,7.3,12.8,5.5
Denver Nuggets,Transition,Offensive,0.177,1.207,0.581,0.123,0.119,0.11,0.029,0.548,0.662,19.4,23.4,8.9,15.2,6.4
Cleveland Cavaliers,Transition,Offensive,0.155,1.178,0.58,0.133,0.111,0.12,0.033,0.548,0.636,16.6,19.6,7.6,13.1,5.5
Indiana Pacers,Transition,Offensive,0.202,1.177,0.542,0.13,0.112,0.124,0.03,0.524,0.631,22.9,27.0,9.8,18.0,8.3
Boston Celtics,Transition,Offensive,0.172,1.177,0.559,0.132,0.119,0.127,0.03,0.533,0.634,19.0,22.4,8.3,14.8,6.5
Chicago Bulls,Transition,Offensive,0.161,1.162,0.552,0.148,0.105,0.142,0.028,0.542,0.61,17.5,20.3,7.5,13.5,6.0
Atlanta Hawks,Transition,Offensive,0.163,1.161,0.548,0.136,0.102,0.121,0.033,0.531,0.612,18.7,21.7,8.1,14.9,6.7
Minnesota Timberwolves,Transition,Offensive,0.179,1.158,0.559,0.138,0.126,0.131,0.044,0.526,0.624,20.1,23.2,8.7,15.6,6.9
Miami Heat,Transition,Offensive,0.146,1.154,0.541,0.143,0.117,0.135,0.033,0.523,0.609,15.7,18.1,6.5,12.1,5.5
Washington Wizards,Transition,Offensive,0.152,1.154,0.551,0.119,0.11,0.109,0.023,0.527,0.623,16.7,19.2,7.3,13.2,5.9
Portland Trail Blazers,Transition,Offensive,0.151,1.149,0.561,0.154,0.124,0.147,0.04,0.534,0.619,16.5,19.0,7.0,12.5,5.5
New York Knicks,Transition,Offensive,0.165,1.147,0.542,0.153,0.108,0.144,0.034,0.529,0.609,18.5,21.2,7.7,14.3,6.5
Oklahoma City Thunder,Transition,Offensive,0.19,1.143,0.532,0.149,0.103,0.139,0.033,0.528,0.594,21.8,25.0,9.1,17.1,8.0
Detroit Pistons,Transition,Offensive,0.157,1.137,0.556,0.158,0.128,0.143,0.024,0.534,0.628,17.7,20.1,7.2,13.0,5.8
Memphis Grizzlies,Transition,Offensive,0.198,1.137,0.528,0.115,0.106,0.106,0.032,0.505,0.61,22.7,25.8,9.7,18.4,8.7
Toronto Raptors,Transition,Offensive,0.186,1.135,0.537,0.152,0.105,0.14,0.034,0.53,0.595,21.0,23.8,8.8,16.3,7.6
New Orleans Pelicans,Transition,Offensive,0.168,1.131,0.542,0.125,0.123,0.111,0.029,0.515,0.61,18.8,21.2,7.9,14.6,6.7
Los Angeles Lakers,Transition,Offensive,0.184,1.129,0.562,0.154,0.128,0.138,0.034,0.534,0.616,21.0,23.7,8.8,15.7,6.9
LA Clippers,Transition,Offensive,0.168,1.128,0.537,0.142,0.125,0.128,0.028,0.512,0.621,18.4,20.8,7.5,14.0,6.5
Brooklyn Nets,Transition,Offensive,0.177,1.125,0.518,0.131,0.113,0.12,0.029,0.501,0.606,19.0,21.3,7.7,14.8,7.1
Milwaukee Bucks,Transition,Offensive,0.176,1.122,0.503,0.155,0.108,0.144,0.037,0.494,0.599,20.0,22.5,7.8,15.5,7.7
Golden State Warriors,Transition,Offensive,0.166,1.116,0.536,0.105,0.144,0.096,0.024,0.494,0.621,19.0,21.2,7.9,14.7,6.8
Orlando Magic,Transition,Offensive,0.172,1.116,0.523,0.155,0.115,0.141,0.041,0.51,0.587,19.2,21.4,7.7,14.7,7.0
Dallas Mavericks,Transition,Offensive,0.149,1.114,0.5,0.132,0.094,0.128,0.031,0.492,0.582,15.9,17.7,6.4,12.7,6.4
Sacramento Kings,Transition,Offensive,0.203,1.102,0.514,0.137,0.115,0.127,0.034,0.498,0.586,22.7,25.1,9.1,17.7,8.6
Utah Jazz,Transition,Offensive,0.165,1.098,0.526,0.121,0.129,0.111,0.03,0.494,0.598,18.9,20.7,7.7,14.7,7.0
Phoenix Suns,Transition,Offensive,0.134,1.096,0.501,0.124,0.112,0.107,0.024,0.491,0.584,15.1,16.5,5.9,11.9,5.9
Charlotte Hornets,Transition,Offensive,0.177,1.091,0.52,0.144,0.107,0.131,0.036,0.509,0.574,20.1,22.0,8.2,15.8,7.6
Houston Rockets,Transition,Offensive,0.147,1.071,0.545,0.136,0.132,0.128,0.035,0.509,0.585,16.9,18.1,7.0,12.9,5.9
San Antonio Spurs,Transition,Offensive,0.162,1.07,0.516,0.122,0.127,0.113,0.036,0.485,0.584,18.9,20.2,7.7,14.8,7.2
Portland Trail Blazers,Handoff,Offensive,0.057,1.081,0.45,0.108,0.11,0.094,0.018,0.45,0.555,6.2,6.7,2.2,5.0,2.7
Sacramento Kings,Handoff,Offensive,0.091,1.074,0.453,0.061,0.089,0.057,0.011,0.435,0.572,10.2,10.9,4.0,8.8,4.8
Boston Celtics,Handoff,Offensive,0.033,1.059,0.477,0.096,0.132,0.086,0.03,0.449,0.57,3.7,3.9,1.4,3.0,1.5
Oklahoma City Thunder,Handoff,Offensive,0.032,1.053,0.474,0.076,0.103,0.07,0.02,0.449,0.559,3.7,3.9,1.5,3.1,1.6
Brooklyn Nets,Handoff,Offensive,0.056,1.043,0.466,0.084,0.108,0.082,0.024,0.445,0.55,6.0,6.2,2.3,5.0,2.7
Utah Jazz,Handoff,Offensive,0.057,1.035,0.436,0.11,0.097,0.102,0.024,0.439,0.527,6.5,6.8,2.3,5.3,3.0
Charlotte Hornets,Handoff,Offensive,0.049,1.018,0.458,0.093,0.121,0.077,0.018,0.438,0.547,5.5,5.6,2.0,4.5,2.4
Golden State Warriors,Handoff,Offensive,0.07,1.012,0.412,0.068,0.103,0.061,0.017,0.398,0.531,8.0,8.1,2.8,6.8,4.0
Philadelphia 76ers,Handoff,Offensive,0.027,1.0,0.444,0.075,0.088,0.063,0.017,0.438,0.52,2.9,2.9,1.1,2.5,1.4
New York Knicks,Handoff,Offensive,0.053,0.994,0.426,0.107,0.094,0.096,0.023,0.43,0.516,6.0,5.9,2.1,4.9,2.8
Atlanta Hawks,Handoff,Offensive,0.03,0.993,0.414,0.081,0.07,0.074,0.011,0.425,0.494,3.5,3.5,1.2,3.0,1.7
Indiana Pacers,Handoff,Offensive,0.051,0.992,0.449,0.085,0.133,0.076,0.021,0.423,0.537,5.8,5.7,2.1,4.6,2.5
Washington Wizards,Handoff,Offensive,0.048,0.981,0.466,0.103,0.126,0.107,0.026,0.441,0.532,5.2,5.1,1.9,4.1,2.2
Cleveland Cavaliers,Handoff,Offensive,0.041,0.97,0.412,0.113,0.104,0.096,0.019,0.418,0.488,4.4,4.3,1.5,3.5,2.1
Los Angeles Lakers,Handoff,Offensive,0.029,0.967,0.399,0.121,0.096,0.121,0.037,0.412,0.489,3.3,3.2,1.1,2.7,1.6
Memphis Grizzlies,Handoff,Offensive,0.052,0.955,0.426,0.082,0.096,0.08,0.022,0.419,0.492,6.0,5.7,2.1,5.0,2.9
Minnesota Timberwolves,Handoff,Offensive,0.044,0.955,0.455,0.095,0.13,0.095,0.013,0.433,0.521,4.9,4.7,1.7,3.8,2.1
Toronto Raptors,Handoff,Offensive,0.034,0.936,0.425,0.096,0.083,0.093,0.019,0.433,0.475,3.8,3.6,1.4,3.2,1.8
New Orleans Pelicans,Handoff,Offensive,0.054,0.932,0.428,0.104,0.132,0.098,0.03,0.413,0.489,6.1,5.7,2.1,4.8,2.8
Chicago Bulls,Handoff,Offensive,0.019,0.915,0.416,0.067,0.121,0.061,0.018,0.394,0.485,2.0,1.8,0.7,1.7,1.0
Houston Rockets,Handoff,Offensive,0.055,0.912,0.403,0.088,0.103,0.084,0.027,0.395,0.477,6.3,5.7,2.1,5.2,3.1
San Antonio Spurs,Handoff,Offensive,0.074,0.908,0.398,0.085,0.085,0.083,0.02,0.4,0.461,8.6,7.8,2.9,7.3,4.4
Milwaukee Bucks,Handoff,Offensive,0.05,0.887,0.391,0.092,0.115,0.085,0.019,0.386,0.469,5.7,5.1,1.8,4.6,2.8
LA Clippers,Handoff,Offensive,0.032,0.884,0.385,0.091,0.105,0.091,0.018,0.386,0.451,3.5,3.1,1.1,2.9,1.8
Miami Heat,Handoff,Offensive,0.065,0.873,0.363,0.059,0.103,0.054,0.017,0.351,0.453,7.0,6.1,2.2,6.0,3.8
Denver Nuggets,Handoff,Offensive,0.054,0.868,0.396,0.068,0.091,0.058,0.014,0.39,0.453,5.9,5.1,2.0,5.0,3.0
Dallas Mavericks,Handoff,Offensive,0.033,0.851,0.405,0.097,0.167,0.087,0.01,0.385,0.474,3.5,3.0,1.1,2.6,1.6
Phoenix Suns,Handoff,Offensive,0.045,0.85,0.413,0.07,0.131,0.056,0.012,0.388,0.458,5.0,4.3,1.7,4.1,2.4
Orlando Magic,Handoff,Offensive,0.057,0.841,0.371,0.088,0.096,0.082,0.021,0.375,0.423,6.4,5.4,2.0,5.3,3.4
Detroit Pistons,Handoff,Offensive,0.029,0.824,0.389,0.097,0.169,0.094,0.007,0.375,0.457,3.3,2.7,0.9,2.4,1.5
Cleveland Cavaliers,Cut,Offensive,0.09,1.394,0.718,0.15,0.048,0.148,0.046,0.7,0.718,9.6,13.5,5.8,8.1,2.3
Denver Nuggets,Cut,Offensive,0.092,1.385,0.712,0.16,0.051,0.154,0.048,0.698,0.712,10.1,13.9,6.0,8.4,2.4
Dallas Mavericks,Cut,Offensive,0.045,1.355,0.704,0.178,0.051,0.173,0.043,0.693,0.704,4.8,6.5,2.8,3.9,1.2
Orlando Magic,Cut,Offensive,0.062,1.354,0.695,0.174,0.067,0.165,0.033,0.688,0.695,7.0,9.4,3.8,5.5,1.7
New York Knicks,Cut,Offensive,0.059,1.35,0.697,0.149,0.057,0.143,0.053,0.675,0.697,6.6,9.0,3.9,5.6,1.7
Atlanta Hawks,Cut,Offensive,0.063,1.35,0.701,0.129,0.062,0.128,0.024,0.686,0.701,7.3,9.8,4.2,6.0,1.8
Sacramento Kings,Cut,Offensive,0.088,1.349,0.696,0.178,0.071,0.172,0.035,0.684,0.696,9.8,13.3,5.4,7.7,2.4
Memphis Grizzlies,Cut,Offensive,0.071,1.347,0.681,0.156,0.035,0.146,0.045,0.672,0.681,8.1,10.9,4.7,6.9,2.2
Washington Wizards,Cut,Offensive,0.071,1.346,0.674,0.188,0.049,0.186,0.063,0.674,0.674,7.8,10.5,4.3,6.4,2.1
Minnesota Timberwolves,Cut,Offensive,0.065,1.338,0.698,0.165,0.063,0.163,0.052,0.677,0.698,7.3,9.8,4.2,6.0,1.8
Los Angeles Lakers,Cut,Offensive,0.069,1.335,0.677,0.153,0.06,0.151,0.046,0.665,0.677,7.9,10.5,4.5,6.6,2.1
Chicago Bulls,Cut,Offensive,0.052,1.334,0.69,0.121,0.06,0.123,0.045,0.664,0.69,5.7,7.5,3.4,4.9,1.5
LA Clippers,Cut,Offensive,0.058,1.333,0.698,0.166,0.073,0.163,0.042,0.673,0.698,6.4,8.5,3.6,5.1,1.5
Golden State Warriors,Cut,Offensive,0.102,1.33,0.686,0.154,0.059,0.153,0.04,0.674,0.686,11.7,15.5,6.6,9.6,3.0
Boston Celtics,Cut,Offensive,0.057,1.322,0.678,0.117,0.066,0.113,0.033,0.656,0.678,6.2,8.3,3.6,5.3,1.7
Indiana Pacers,Cut,Offensive,0.057,1.315,0.665,0.188,0.058,0.188,0.054,0.664,0.665,6.5,8.5,3.5,5.2,1.8
Charlotte Hornets,Cut,Offensive,0.067,1.297,0.671,0.202,0.062,0.2,0.052,0.662,0.671,7.7,10.0,4.1,6.0,2.0
Milwaukee Bucks,Cut,Offensive,0.057,1.296,0.682,0.118,0.071,0.113,0.034,0.655,0.682,6.5,8.4,3.7,5.5,1.7
New Orleans Pelicans,Cut,Offensive,0.072,1.281,0.67,0.157,0.079,0.153,0.044,0.646,0.67,8.1,10.3,4.4,6.5,2.1
Oklahoma City Thunder,Cut,Offensive,0.073,1.278,0.656,0.136,0.061,0.136,0.033,0.647,0.656,8.4,10.8,4.6,7.0,2.4
Philadelphia 76ers,Cut,Offensive,0.052,1.275,0.661,0.159,0.079,0.151,0.044,0.64,0.661,5.6,7.1,3.0,4.5,1.5
Utah Jazz,Cut,Offensive,0.07,1.27,0.667,0.123,0.066,0.116,0.026,0.645,0.667,8.0,10.2,4.5,6.7,2.2
Portland Trail Blazers,Cut,Offensive,0.072,1.262,0.645,0.122,0.053,0.122,0.033,0.633,0.645,7.9,9.9,4.3,6.7,2.4
Miami Heat,Cut,Offensive,0.08,1.262,0.646,0.158,0.07,0.152,0.036,0.634,0.646,8.6,10.8,4.5,6.9,2.5
Toronto Raptors,Cut,Offensive,0.078,1.259,0.64,0.144,0.054,0.146,0.044,0.634,0.64,8.8,11.1,4.8,7.4,2.7
Detroit Pistons,Cut,Offensive,0.061,1.256,0.641,0.142,0.057,0.142,0.032,0.639,0.641,6.9,8.6,3.7,5.7,2.0
San Antonio Spurs,Cut,Offensive,0.077,1.255,0.651,0.143,0.075,0.143,0.045,0.628,0.651,9.0,11.3,4.8,7.4,2.6
Brooklyn Nets,Cut,Offensive,0.07,1.246,0.66,0.113,0.066,0.113,0.034,0.627,0.66,7.5,9.4,4.2,6.4,2.2
Phoenix Suns,Cut,Offensive,0.066,1.238,0.641,0.13,0.064,0.128,0.033,0.622,0.641,7.4,9.2,4.0,6.2,2.2
Houston Rockets,Cut,Offensive,0.066,1.159,0.592,0.153,0.064,0.15,0.032,0.595,0.592,7.6,8.8,3.7,6.2,2.5
Dallas Mavericks,PRBallHandler,Offensive,0.153,1.028,0.496,0.129,0.134,0.117,0.033,0.471,0.559,16.3,16.8,6.2,12.6,6.3
Portland Trail Blazers,PRBallHandler,Offensive,0.178,0.994,0.447,0.124,0.128,0.103,0.019,0.443,0.519,19.4,19.3,6.6,14.8,8.2
Cleveland Cavaliers,PRBallHandler,Offensive,0.196,0.979,0.465,0.1,0.135,0.084,0.016,0.443,0.529,21.1,20.6,7.6,16.4,8.8
Sacramento Kings,PRBallHandler,Offensive,0.131,0.959,0.48,0.116,0.154,0.099,0.021,0.451,0.525,14.7,14.1,5.3,11.0,5.7
Golden State Warriors,PRBallHandler,Offensive,0.135,0.958,0.441,0.097,0.16,0.088,0.024,0.41,0.525,15.5,14.8,5.2,11.9,6.6
Boston Celtics,PRBallHandler,Offensive,0.16,0.956,0.434,0.112,0.14,0.101,0.022,0.421,0.51,17.6,16.9,5.9,13.6,7.7
LA Clippers,PRBallHandler,Offensive,0.175,0.948,0.456,0.12,0.144,0.105,0.024,0.438,0.5,19.2,18.2,6.6,14.6,7.9
Brooklyn Nets,PRBallHandler,Offensive,0.151,0.943,0.44,0.12,0.14,0.108,0.032,0.423,0.492,16.1,15.2,5.5,12.5,7.0
Chicago Bulls,PRBallHandler,Offensive,0.208,0.94,0.472,0.107,0.131,0.1,0.029,0.448,0.498,22.7,21.3,8.5,17.9,9.5
Minnesota Timberwolves,PRBallHandler,Offensive,0.153,0.937,0.448,0.109,0.144,0.094,0.025,0.428,0.504,17.2,16.1,5.9,13.2,7.3
New York Knicks,PRBallHandler,Offensive,0.177,0.937,0.439,0.136,0.114,0.126,0.033,0.442,0.479,19.8,18.6,6.8,15.5,8.7
Miami Heat,PRBallHandler,Offensive,0.17,0.935,0.447,0.102,0.151,0.089,0.023,0.422,0.505,18.3,17.1,6.3,14.0,7.8
Milwaukee Bucks,PRBallHandler,Offensive,0.147,0.932,0.46,0.091,0.159,0.077,0.016,0.42,0.525,16.7,15.5,5.9,12.8,6.9
Atlanta Hawks,PRBallHandler,Offensive,0.214,0.931,0.446,0.097,0.131,0.076,0.017,0.431,0.486,24.5,22.8,8.6,19.3,10.7
Indiana Pacers,PRBallHandler,Offensive,0.177,0.911,0.446,0.095,0.142,0.086,0.03,0.415,0.495,20.1,18.3,7.1,15.9,8.8
Oklahoma City Thunder,PRBallHandler,Offensive,0.184,0.91,0.458,0.115,0.137,0.107,0.028,0.44,0.479,21.1,19.2,7.5,16.4,8.9
Orlando Magic,PRBallHandler,Offensive,0.186,0.908,0.472,0.1,0.163,0.091,0.018,0.436,0.506,20.7,18.8,7.4,15.6,8.2
Philadelphia 76ers,PRBallHandler,Offensive,0.145,0.904,0.434,0.105,0.151,0.096,0.02,0.413,0.486,15.6,14.1,5.2,11.9,6.7
New Orleans Pelicans,PRBallHandler,Offensive,0.154,0.9,0.45,0.118,0.14,0.107,0.026,0.434,0.48,17.2,15.5,6.0,13.2,7.3
Utah Jazz,PRBallHandler,Offensive,0.164,0.891,0.438,0.106,0.169,0.096,0.017,0.41,0.489,18.8,16.8,6.1,14.0,7.9
Phoenix Suns,PRBallHandler,Offensive,0.177,0.887,0.432,0.096,0.124,0.077,0.018,0.42,0.468,19.9,17.6,6.8,15.8,9.0
Washington Wizards,PRBallHandler,Offensive,0.167,0.887,0.459,0.077,0.153,0.074,0.024,0.412,0.496,18.3,16.2,6.7,14.5,7.9
Los Angeles Lakers,PRBallHandler,Offensive,0.169,0.88,0.446,0.119,0.171,0.108,0.026,0.419,0.481,19.2,16.9,6.3,14.1,7.8
Memphis Grizzlies,PRBallHandler,Offensive,0.182,0.88,0.433,0.103,0.123,0.096,0.025,0.421,0.464,20.9,18.4,7.2,16.6,9.4
Toronto Raptors,PRBallHandler,Offensive,0.157,0.871,0.396,0.106,0.118,0.094,0.021,0.398,0.442,17.7,15.4,5.6,14.1,8.5
San Antonio Spurs,PRBallHandler,Offensive,0.167,0.861,0.433,0.096,0.132,0.083,0.021,0.413,0.46,19.4,16.7,6.6,15.4,8.7
Houston Rockets,PRBallHandler,Offensive,0.195,0.842,0.404,0.121,0.165,0.11,0.024,0.389,0.452,22.4,18.9,6.7,16.5,9.8
Denver Nuggets,PRBallHandler,Offensive,0.133,0.831,0.429,0.076,0.174,0.065,0.013,0.387,0.476,14.6,12.1,4.8,11.1,6.4
Detroit Pistons,PRBallHandler,Offensive,0.202,0.826,0.4,0.095,0.149,0.084,0.019,0.382,0.44,22.8,18.8,7.0,17.6,10.5
Charlotte Hornets,PRBallHandler,Offensive,0.188,0.81,0.391,0.086,0.142,0.074,0.019,0.373,0.436,21.5,17.4,6.6,17.0,10.4
